[
  {
    "Name": "NORMAL",
    "Multipliers": [
      {
        "Type": "ROCK",
        "Multiplication": 0.5
      },
      {
        "Type": "GHOST",
        "Multiplication": 0
      },
      {
        "Type": "STEEL",
        "Multiplication": 0.5
      }
    ],
    "Moves": [
      "sonic boom",
      "quick attack",
      "doubleslap",
      "headbutt"
    ],
    "Icon": "⭕️"
  },
  {
    "Name": "FIRE",
    "Multipliers": [
      {
        "Type": "FIRE",
        "Multiplication": 0.5
      },
      {
        "Type": "WATER",
        "Multiplication": 0.5
      },
      {
        "Type": "GRASS",
        "Multiplication": 2
      },
      {
        "Type": "ICE",
        "Multiplication": 2
      },
      {
        "Type": "BUG",
        "Multiplication": 2
      },
      {
        "Type": "ROCK",
        "Multiplication": 0.5
      },
      {
        "Type": "DRAGON",
        "Multiplication": 0.5
      },
      {
        "Type": "STEEL",
        "Multiplication": 2
      }
    ],
    "Moves": [
      "incinerate",
      "ember",
      "fire punch",
      "fiery dance"
    ],
    "Icon": "🔥"
  },
  {
    "Name": "WATER",
    "Multipliers": [
      {
        "Type": "FIRE",
        "Multiplication": 2
      },
      {
        "Type": "WATER",
        "Multiplication": 0.5
      },
      {
        "Type": "GRASS",
        "Multiplication": 0.5
      },
      {
        "Type": "GROUND",
        "Multiplication": 2
      },
      {
        "Type": "ROCK",
        "Multiplication": 2
      },
      {
        "Type": "DRAGON",
        "Multiplication": 0.5
      }
    ],
    "Moves": [
      "bubblebeam",
      "dive",
      "whirlpool",
      "aqua tail"
    ],
    "Icon": "💦"
  },
  {
    "Name": "ELECTRIC",
    "Multipliers": [
      {
        "Type": "WATER",
        "Multiplication": 2
      },
      {
        "Type": "ELECTRIC",
        "Multiplication": 0.5
      },
      {
        "Type": "GRASS",
        "Multiplication": 0.5
      },
      {
        "Type": "GROUND",
        "Multiplication": 0
      },
      {
        "Type": "FLYING",
        "Multiplication": 2
      },
      {
        "Type": "DRAGON",
        "Multiplication": 0.5
      }
    ],
    "Moves": [
      "nuzzle",
      "thunderbolt",
      "thundershock",
      "discharge"
    ],
    "Icon": "⚡"
  },
  {
    "Name": "GRASS",
    "Multipliers": [
      {
        "Type": "FIRE",
        "Multiplication": 0.5
      },
      {
        "Type": "WATER",
        "Multiplication": 2
      },
      {
        "Type": "GRASS",
        "Multiplication": 0.5
      },
      {
        "Type": "ICE",
        "Multiplication": 0.5
      },
      {
        "Type": "BUG",
        "Multiplication": 0.5
      },
      {
        "Type": "ROCK",
        "Multiplication": 2
      },
      {
        "Type": "DRAGON",
        "Multiplication": 0.5
      },
      {
        "Type": "STEEL",
        "Multiplication": 0.5
      },
      {
        "Type": "POISON",
        "Multiplication": 0.5
      },
      {
        "Type": "GROUND",
        "Multiplication": 2
      }
    ],
    "Moves": [
      "absorb",
      "mega drain",
      "vine whip",
      "razor leaf"
    ],
    "Icon": "🍃"
  },
  {
    "Name": "ICE",
    "Multipliers": [
      {
        "Type": "FIRE",
        "Multiplication": 0.5
      },
      {
        "Type": "WATER",
        "Multiplication": 0.5
      },
      {
        "Type": "GRASS",
        "Multiplication": 2
      },
      {
        "Type": "ICE",
        "Multiplication": 0.5
      },
      {
        "Type": "GROUND",
        "Multiplication": 2
      },
      {
        "Type": "FLYING",
        "Multiplication": 2
      },
      {
        "Type": "DRAGON",
        "Multiplication": 2
      },
      {
        "Type": "STEEL",
        "Multiplication": 0.5
      }
    ],
    "Moves": [
      "ice ball",
      "powder snow",
      "avalanche",
      "icy wind"
    ],
    "Icon": "❄"
  },
  {
    "Name": "FIGHTING",
    "Multipliers": [
      {
        "Type": "NORMAL",
        "Multiplication": 2
      },
      {
        "Type": "ICE",
        "Multiplication": 2
      },
      {
        "Type": "POISON",
        "Multiplication": 0.5
      },
      {
        "Type": "FLYING",
        "Multiplication": 0.5
      },
      {
        "Type": "PSYCHIC",
        "Multiplication": 0.5
      },
      {
        "Type": "BUG",
        "Multiplication": 0.5
      },
      {
        "Type": "ROCK",
        "Multiplication": 2
      },
      {
        "Type": "GHOST",
        "Multiplication": 0
      },
      {
        "Type": "DARK",
        "Multiplication": 2
      },
      {
        "Type": "STEEL",
        "Multiplication": 2
      },
      {
        "Type": "FAIRY",
        "Multiplication": 0.5
      }
    ],
    "Moves": [
      "low kick",
      "force palm",
      "mach punch",
      "double kick"
    ],
    "Icon": "✊"
  },
  {
    "Name": "POISON",
    "Multipliers": [
      {
        "Type": "GRASS",
        "Multiplication": 2
      },
      {
        "Type": "POISON",
        "Multiplication": 0.5
      },
      {
        "Type": "GROUND",
        "Multiplication": 0.5
      },
      {
        "Type": "ROCK",
        "Multiplication": 0.5
      },
      {
        "Type": "GHOST",
        "Multiplication": 0.5
      },
      {
        "Type": "STEEL",
        "Multiplication": 0
      },
      {
        "Type": "FAIRY",
        "Multiplication": 2
      }
    ],
    "Moves": [
      "acid",
      "smog",
      "sludge",
      "poison jab"
    ],
    "Icon": "☠"
  },
  {
    "Name": "GROUND",
    "Multipliers": [
      {
        "Type": "FIRE",
        "Multiplication": 2
      },
      {
        "Type": "ELECTRIC",
        "Multiplication": 2
      },
      {
        "Type": "GRASS",
        "Multiplication": 0.5
      },
      {
        "Type": "POISON",
        "Multiplication": 2
      },
      {
        "Type": "FLYING",
        "Multiplication": 0
      },
      {
        "Type": "BUG",
        "Multiplication": 0.5
      },
      {
        "Type": "ROCK",
        "Multiplication": 2
      },
      {
        "Type": "STEEL",
        "Multiplication": 2
      }
    ],
    "Moves": [
      "mud-slap",
      "earthquake",
      "bulldoze",
      "dig"
    ],
    "Icon": "🗻"
  },
  {
    "Name": "FLYING",
    "Multipliers": [
      {
        "Type": "ELECTRIC",
        "Multiplication": 0.5
      },
      {
        "Type": "GRASS",
        "Multiplication": 2
      },
      {
        "Type": "FIGHTING",
        "Multiplication": 2
      },
      {
        "Type": "BUG",
        "Multiplication": 2
      },
      {
        "Type": "ROCK",
        "Multiplication": 0.5
      },
      {
        "Type": "STEEL",
        "Multiplication": 0.5
      }
    ],
    "Moves": [
      "peck",
      "pluck",
      "gust",
      "aerial ace"
    ],
    "Icon": "☁"
  },
  {
    "Name": "PSYCHIC",
    "Multipliers": [
      {
        "Type": "FIGHTING",
        "Multiplication": 2
      },
      {
        "Type": "POISON",
        "Multiplication": 2
      },
      {
        "Type": "PSYCHIC",
        "Multiplication": 0.5
      },
      {
        "Type": "DARK",
        "Multiplication": 0
      },
      {
        "Type": "STEEL",
        "Multiplication": 0.5
      }
    ],
    "Moves": [
      "confusion",
      "psybeam",
      "psywave",
      "heart stamp"
    ],
    "Icon": "🔮"
  },
  {
    "Name": "BUG",
    "Multipliers": [
      {
        "Type": "FIRE",
        "Multiplication": 0.5
      },
      {
        "Type": "GRASS",
        "Multiplication": 2
      },
      {
        "Type": "FIGHTING",
        "Multiplication": 0.5
      },
      {
        "Type": "POISON",
        "Multiplication": 0.5
      },
      {
        "Type": "FLYING",
        "Multiplication": 0.5
      },
      {
        "Type": "PSYCHIC",
        "Multiplication": 2
      },
      {
        "Type": "ROCK",
        "Multiplication": 0.5
      },
      {
        "Type": "DARK",
        "Multiplication": 2
      },
      {
        "Type": "STEEL",
        "Multiplication": 0.5
      },
      {
        "Type": "FAIRY",
        "Multiplication": 0.5
      }
    ],
    "Moves": [
      "bug bite",
      "infestation",
      "x-scissors",
      "twineedle"
    ],
    "Icon": "🐛"
  },
  {
    "Name": "ROCK",
    "Multipliers": [
      {
        "Type": "FIRE",
        "Multiplication": 2
      },
      {
        "Type": "ICE",
        "Multiplication": 2
      },
      {
        "Type": "FIGHTING",
        "Multiplication": 0.5
      },
      {
        "Type": "GROUND",
        "Multiplication": 0.5
      },
      {
        "Type": "FLYING",
        "Multiplication": 2
      },
      {
        "Type": "BUG",
        "Multiplication": 2
      },
      {
        "Type": "STEEL",
        "Multiplication": 0.5
      }
    ],
    "Moves": [
      "rock throw",
      "rollout",
      "rock tomb",
      "rock blast"
    ],
    "Icon": "💎"
  },
  {
    "Name": "GHOST",
    "Multipliers": [
      {
        "Type": "NORMAL",
        "Multiplication": 0
      },
      {
        "Type": "PSYCHIC",
        "Multiplication": 2
      },
      {
        "Type": "GHOST",
        "Multiplication": 2
      },
      {
        "Type": "DARK",
        "Multiplication": 0.5
      }
    ],
    "Moves": [
      "astonish",
      "night shade",
      "lick",
      "ominous wind",
      "hex"
    ],
    "Icon": "👻"
  },
  {
    "Name": "DRAGON",
    "Multipliers": [
      {
        "Type": "DRAGON",
        "Multiplication": 2
      },
      {
        "Type": "STEEL",
        "Multiplication": 0.5
      },
      {
        "Type": "FAIRY",
        "Multiplication": 0
      }
    ],
    "Moves": [
      "dragon tail",
      "dragon rage",
      "dragonbreath",
      "twister"
    ],
    "Icon": "🐉"
  },
  {
    "Name": "DARK",
    "Multipliers": [
      {
        "Type": "FIGHTING",
        "Multiplication": 0.5
      },
      {
        "Type": "PSYCHIC",
        "Multiplication": 2
      },
      {
        "Type": "GHOST",
        "Multiplication": 2
      },
      {
        "Type": "DARK",
        "Multiplication": 0.5
      },
      {
        "Type": "FAIRY",
        "Multiplication": 0.5
      }
    ],
    "Moves": [
      "pursuit",
      "assurance",
      "bite",
      "faint attack"
    ],
    "Icon": "✴"
  },
  {
    "Name": "STEEL",
    "Multipliers": [
      {
        "Type": "FIRE",
        "Multiplication": 0.5
      },
      {
        "Type": "WATER",
        "Multiplication": 0.5
      },
      {
        "Type": "ELECTRIC",
        "Multiplication": 0.5
      },
      {
        "Type": "ICE",
        "Multiplication": 2
      },
      {
        "Type": "ROCK",
        "Multiplication": 2
      },
      {
        "Type": "STEEL",
        "Multiplication": 0.5
      },
      {
        "Type": "FAIRY",
        "Multiplication": 2
      }
    ],
    "Moves": [
      "bullet punch",
      "metal burst",
      "gear grind",
      "magnet bomb"
    ],
    "Icon": "🔩"
  },
  {
    "Name": "FAIRY",
    "Multipliers": [
      {
        "Type": "FIGHTING",
        "Multiplication": 2
      },
      {
        "Type": "FIRE",
        "Multiplication": 0.5
      },
      {
        "Type": "DARK",
        "Multiplication": 2
      },
      {
        "Type": "POISON",
        "Multiplication": 0.5
      },
      {
        "Type": "STEEL",
        "Multiplication": 0.5
      },
      {
        "Type": "DRAGON",
        "Multiplication": 2
      }
    ],
    "Moves": [
      "fairy wind",
      "draining kiss",
      "dazzling gleam",
      "play rough"
    ],
    "Icon": "💫"
  }
]
