[{"Id":1,"Name":"bulbasaur"},{"Id":2,"Name":"ivysaur"},{"Id":3,"Name":"venusaur"},{"Id":4,"Name":"charmander"},{"Id":5,"Name":"charmeleon"},{"Id":6,"Name":"charizard"},{"Id":7,"Name":"squirtle"},{"Id":8,"Name":"wartortle"},{"Id":9,"Name":"blastoise"},{"Id":10,"Name":"caterpie"},{"Id":11,"Name":"metapod"},{"Id":12,"Name":"butterfree"},{"Id":13,"Name":"weedle"},{"Id":14,"Name":"kakuna"},{"Id":15,"Name":"beedrill"},{"Id":16,"Name":"pidgey"},{"Id":17,"Name":"pidgeotto"},{"Id":18,"Name":"pidgeot"},{"Id":19,"Name":"rattata"},{"Id":20,"Name":"raticate"},{"Id":21,"Name":"spearow"},{"Id":22,"Name":"fearow"},{"Id":23,"Name":"ekans"},{"Id":24,"Name":"arbok"},{"Id":25,"Name":"pikachu"},{"Id":26,"Name":"raichu"},{"Id":27,"Name":"sandshrew"},{"Id":28,"Name":"sandslash"},{"Id":29,"Name":"nidoran"},{"Id":30,"Name":"nidorina"},{"Id":31,"Name":"nidoqueen"},{"Id":32,"Name":"nidoran"},{"Id":33,"Name":"nidorino"},{"Id":34,"Name":"nidoking"},{"Id":35,"Name":"clefairy"},{"Id":36,"Name":"clefable"},{"Id":37,"Name":"vulpix"},{"Id":38,"Name":"ninetales"},{"Id":39,"Name":"jigglypuff"},{"Id":40,"Name":"wigglytuff"},{"Id":41,"Name":"zubat"},{"Id":42,"Name":"golbat"},{"Id":43,"Name":"oddish"},{"Id":44,"Name":"gloom"},{"Id":45,"Name":"vileplume"},{"Id":46,"Name":"paras"},{"Id":47,"Name":"parasect"},{"Id":48,"Name":"venonat"},{"Id":49,"Name":"venomoth"},{"Id":50,"Name":"diglett"},{"Id":51,"Name":"dugtrio"},{"Id":52,"Name":"meowth"},{"Id":53,"Name":"persian"},{"Id":54,"Name":"psyduck"},{"Id":55,"Name":"golduck"},{"Id":56,"Name":"mankey"},{"Id":57,"Name":"primeape"},{"Id":58,"Name":"growlithe"},{"Id":59,"Name":"arcanine"},{"Id":60,"Name":"poliwag"},{"Id":61,"Name":"poliwhirl"},{"Id":62,"Name":"poliwrath"},{"Id":63,"Name":"abra"},{"Id":64,"Name":"kadabra"},{"Id":65,"Name":"alakazam"},{"Id":66,"Name":"machop"},{"Id":67,"Name":"machoke"},{"Id":68,"Name":"machamp"},{"Id":69,"Name":"bellsprout"},{"Id":70,"Name":"weepinbell"},{"Id":71,"Name":"victreebel"},{"Id":72,"Name":"tentacool"},{"Id":73,"Name":"tentacruel"},{"Id":74,"Name":"geodude"},{"Id":75,"Name":"graveler"},{"Id":76,"Name":"golem"},{"Id":77,"Name":"ponyta"},{"Id":78,"Name":"rapidash"},{"Id":79,"Name":"slowpoke"},{"Id":80,"Name":"slowbro"},{"Id":81,"Name":"magnemite"},{"Id":82,"Name":"magneton"},{"Id":83,"Name":"farfetchd"},{"Id":84,"Name":"doduo"},{"Id":85,"Name":"dodrio"},{"Id":86,"Name":"seel"},{"Id":87,"Name":"dewgong"},{"Id":88,"Name":"grimer"},{"Id":89,"Name":"muk"},{"Id":90,"Name":"shellder"},{"Id":91,"Name":"cloyster"},{"Id":92,"Name":"gastly"},{"Id":93,"Name":"haunter"},{"Id":94,"Name":"gengar"},{"Id":95,"Name":"onix"},{"Id":96,"Name":"drowzee"},{"Id":97,"Name":"hypno"},{"Id":98,"Name":"krabby"},{"Id":99,"Name":"kingler"},{"Id":100,"Name":"voltorb"},{"Id":101,"Name":"electrode"},{"Id":102,"Name":"exeggcute"},{"Id":103,"Name":"exeggutor"},{"Id":104,"Name":"cubone"},{"Id":105,"Name":"marowak"},{"Id":106,"Name":"hitmonlee"},{"Id":107,"Name":"hitmonchan"},{"Id":108,"Name":"lickitung"},{"Id":109,"Name":"koffing"},{"Id":110,"Name":"weezing"},{"Id":111,"Name":"rhyhorn"},{"Id":112,"Name":"rhydon"},{"Id":113,"Name":"chansey"},{"Id":114,"Name":"tangela"},{"Id":115,"Name":"kangaskhan"},{"Id":116,"Name":"horsea"},{"Id":117,"Name":"seadra"},{"Id":118,"Name":"goldeen"},{"Id":119,"Name":"seaking"},{"Id":120,"Name":"staryu"},{"Id":121,"Name":"starmie"},{"Id":122,"Name":"mr mime"},{"Id":123,"Name":"scyther"},{"Id":124,"Name":"jynx"},{"Id":125,"Name":"electabuzz"},{"Id":126,"Name":"magmar"},{"Id":127,"Name":"pinsir"},{"Id":128,"Name":"tauros"},{"Id":129,"Name":"magikarp"},{"Id":130,"Name":"gyarados"},{"Id":131,"Name":"lapras"},{"Id":132,"Name":"ditto"},{"Id":133,"Name":"eevee"},{"Id":134,"Name":"vaporeon"},{"Id":135,"Name":"jolteon"},{"Id":136,"Name":"flareon"},{"Id":137,"Name":"porygon"},{"Id":138,"Name":"omanyte"},{"Id":139,"Name":"omastar"},{"Id":140,"Name":"kabuto"},{"Id":141,"Name":"kabutops"},{"Id":142,"Name":"aerodactyl"},{"Id":143,"Name":"snorlax"},{"Id":144,"Name":"articuno"},{"Id":145,"Name":"zapdos"},{"Id":146,"Name":"moltres"},{"Id":147,"Name":"dratini"},{"Id":148,"Name":"dragonair"},{"Id":149,"Name":"dragonite"},{"Id":150,"Name":"mewtwo"},{"Id":151,"Name":"mew"},{"Id":152,"Name":"chikorita"},{"Id":153,"Name":"bayleef"},{"Id":154,"Name":"meganium"},{"Id":155,"Name":"cyndaquil"},{"Id":156,"Name":"quilava"},{"Id":157,"Name":"typhlosion"},{"Id":158,"Name":"totodile"},{"Id":159,"Name":"croconaw"},{"Id":160,"Name":"feraligatr"},{"Id":161,"Name":"sentret"},{"Id":162,"Name":"furret"},{"Id":163,"Name":"hoothoot"},{"Id":164,"Name":"noctowl"},{"Id":165,"Name":"ledyba"},{"Id":166,"Name":"ledian"},{"Id":167,"Name":"spinarak"},{"Id":168,"Name":"ariados"},{"Id":169,"Name":"crobat"},{"Id":170,"Name":"chinchou"},{"Id":171,"Name":"lanturn"},{"Id":172,"Name":"pichu"},{"Id":173,"Name":"cleffa"},{"Id":174,"Name":"igglybuff"},{"Id":175,"Name":"togepi"},{"Id":176,"Name":"togetic"},{"Id":177,"Name":"natu"},{"Id":178,"Name":"xatu"},{"Id":179,"Name":"mareep"},{"Id":180,"Name":"flaaffy"},{"Id":181,"Name":"ampharos"},{"Id":182,"Name":"bellossom"},{"Id":183,"Name":"marill"},{"Id":184,"Name":"azumarill"},{"Id":185,"Name":"sudowoodo"},{"Id":186,"Name":"politoed"},{"Id":187,"Name":"hoppip"},{"Id":188,"Name":"skiploom"},{"Id":189,"Name":"jumpluff"},{"Id":190,"Name":"aipom"},{"Id":191,"Name":"sunkern"},{"Id":192,"Name":"sunflora"},{"Id":193,"Name":"yanma"},{"Id":194,"Name":"wooper"},{"Id":195,"Name":"quagsire"},{"Id":196,"Name":"espeon"},{"Id":197,"Name":"umbreon"},{"Id":198,"Name":"murkrow"},{"Id":199,"Name":"slowking"},{"Id":200,"Name":"misdreavus"},{"Id":201,"Name":"unown"},{"Id":202,"Name":"wobbuffet"},{"Id":203,"Name":"girafarig"},{"Id":204,"Name":"pineco"},{"Id":205,"Name":"forretress"},{"Id":206,"Name":"dunsparce"},{"Id":207,"Name":"gligar"},{"Id":208,"Name":"steelix"},{"Id":209,"Name":"snubbull"},{"Id":210,"Name":"granbull"},{"Id":211,"Name":"qwilfish"},{"Id":212,"Name":"scizor"},{"Id":213,"Name":"shuckle"},{"Id":214,"Name":"heracross"},{"Id":215,"Name":"sneasel"},{"Id":216,"Name":"teddiursa"},{"Id":217,"Name":"ursaring"},{"Id":218,"Name":"slugma"},{"Id":219,"Name":"magcargo"},{"Id":220,"Name":"swinub"},{"Id":221,"Name":"piloswine"},{"Id":222,"Name":"corsola"},{"Id":223,"Name":"remoraid"},{"Id":224,"Name":"octillery"},{"Id":225,"Name":"delibird"},{"Id":226,"Name":"mantine"},{"Id":227,"Name":"skarmory"},{"Id":228,"Name":"houndour"},{"Id":229,"Name":"houndoom"},{"Id":230,"Name":"kingdra"},{"Id":231,"Name":"phanpy"},{"Id":232,"Name":"donphan"},{"Id":233,"Name":"porygon2"},{"Id":234,"Name":"stantler"},{"Id":235,"Name":"smeargle"},{"Id":236,"Name":"tyrogue"},{"Id":237,"Name":"hitmontop"},{"Id":238,"Name":"smoochum"},{"Id":239,"Name":"elekid"},{"Id":240,"Name":"magby"},{"Id":241,"Name":"miltank"},{"Id":242,"Name":"blissey"},{"Id":243,"Name":"raikou"},{"Id":244,"Name":"entei"},{"Id":245,"Name":"suicune"},{"Id":246,"Name":"larvitar"},{"Id":247,"Name":"pupitar"},{"Id":248,"Name":"tyranitar"},{"Id":249,"Name":"lugia"},{"Id":250,"Name":"ho-oh"},{"Id":251,"Name":"celebi"},{"Id":252,"Name":"treecko"},{"Id":253,"Name":"grovyle"},{"Id":254,"Name":"sceptile"},{"Id":255,"Name":"torchic"},{"Id":256,"Name":"combusken"},{"Id":257,"Name":"blaziken"},{"Id":258,"Name":"mudkip"},{"Id":259,"Name":"marshtomp"},{"Id":260,"Name":"swampert"},{"Id":261,"Name":"poochyena"},{"Id":262,"Name":"mightyena"},{"Id":263,"Name":"zigzagoon"},{"Id":264,"Name":"linoone"},{"Id":265,"Name":"wurmple"},{"Id":266,"Name":"silcoon"},{"Id":267,"Name":"beautifly"},{"Id":268,"Name":"cascoon"},{"Id":269,"Name":"dustox"},{"Id":270,"Name":"lotad"},{"Id":271,"Name":"lombre"},{"Id":272,"Name":"ludicolo"},{"Id":273,"Name":"seedot"},{"Id":274,"Name":"nuzleaf"},{"Id":275,"Name":"shiftry"},{"Id":276,"Name":"taillow"},{"Id":277,"Name":"swellow"},{"Id":278,"Name":"wingull"},{"Id":279,"Name":"pelipper"},{"Id":280,"Name":"ralts"},{"Id":281,"Name":"kirlia"},{"Id":282,"Name":"gardevoir"},{"Id":283,"Name":"surskit"},{"Id":284,"Name":"masquerain"},{"Id":285,"Name":"shroomish"},{"Id":286,"Name":"breloom"},{"Id":287,"Name":"slakoth"},{"Id":288,"Name":"vigoroth"},{"Id":289,"Name":"slaking"},{"Id":290,"Name":"nincada"},{"Id":291,"Name":"ninjask"},{"Id":292,"Name":"shedinja"},{"Id":293,"Name":"whismur"},{"Id":294,"Name":"loudred"},{"Id":295,"Name":"exploud"},{"Id":296,"Name":"makuhita"},{"Id":297,"Name":"hariyama"},{"Id":298,"Name":"azurill"},{"Id":299,"Name":"nosepass"},{"Id":300,"Name":"skitty"},{"Id":301,"Name":"delcatty"},{"Id":302,"Name":"sableye"},{"Id":303,"Name":"mawile"},{"Id":304,"Name":"aron"},{"Id":305,"Name":"lairon"},{"Id":306,"Name":"aggron"},{"Id":307,"Name":"meditite"},{"Id":308,"Name":"medicham"},{"Id":309,"Name":"electrike"},{"Id":310,"Name":"manectric"},{"Id":311,"Name":"plusle"},{"Id":312,"Name":"minun"},{"Id":313,"Name":"volbeat"},{"Id":314,"Name":"illumise"},{"Id":315,"Name":"roselia"},{"Id":316,"Name":"gulpin"},{"Id":317,"Name":"swalot"},{"Id":318,"Name":"carvanha"},{"Id":319,"Name":"sharpedo"},{"Id":320,"Name":"wailmer"},{"Id":321,"Name":"wailord"},{"Id":322,"Name":"numel"},{"Id":323,"Name":"camerupt"},{"Id":324,"Name":"torkoal"},{"Id":325,"Name":"spoink"},{"Id":326,"Name":"grumpig"},{"Id":327,"Name":"spinda"},{"Id":328,"Name":"trapinch"},{"Id":329,"Name":"vibrava"},{"Id":330,"Name":"flygon"},{"Id":331,"Name":"cacnea"},{"Id":332,"Name":"cacturne"},{"Id":333,"Name":"swablu"},{"Id":334,"Name":"altaria"},{"Id":335,"Name":"zangoose"},{"Id":336,"Name":"seviper"},{"Id":337,"Name":"lunatone"},{"Id":338,"Name":"solrock"},{"Id":339,"Name":"barboach"},{"Id":340,"Name":"whiscash"},{"Id":341,"Name":"corphish"},{"Id":342,"Name":"crawdaunt"},{"Id":343,"Name":"baltoy"},{"Id":344,"Name":"claydol"},{"Id":345,"Name":"lileep"},{"Id":346,"Name":"cradily"},{"Id":347,"Name":"anorith"},{"Id":348,"Name":"armaldo"},{"Id":349,"Name":"feebas"},{"Id":350,"Name":"milotic"},{"Id":351,"Name":"castform"},{"Id":352,"Name":"kecleon"},{"Id":353,"Name":"shuppet"},{"Id":354,"Name":"banette"},{"Id":355,"Name":"duskull"},{"Id":356,"Name":"dusclops"},{"Id":357,"Name":"tropius"},{"Id":358,"Name":"chimecho"},{"Id":359,"Name":"absol"},{"Id":360,"Name":"wynaut"},{"Id":361,"Name":"snorunt"},{"Id":362,"Name":"glalie"},{"Id":363,"Name":"spheal"},{"Id":364,"Name":"sealeo"},{"Id":365,"Name":"walrein"},{"Id":366,"Name":"clamperl"},{"Id":367,"Name":"huntail"},{"Id":368,"Name":"gorebyss"},{"Id":369,"Name":"relicanth"},{"Id":370,"Name":"luvdisc"},{"Id":371,"Name":"bagon"},{"Id":372,"Name":"shelgon"},{"Id":373,"Name":"salamence"},{"Id":374,"Name":"beldum"},{"Id":375,"Name":"metang"},{"Id":376,"Name":"metagross"},{"Id":377,"Name":"regirock"},{"Id":378,"Name":"regice"},{"Id":379,"Name":"registeel"},{"Id":380,"Name":"latias"},{"Id":381,"Name":"latios"},{"Id":382,"Name":"kyogre"},{"Id":383,"Name":"groudon"},{"Id":384,"Name":"rayquaza"},{"Id":385,"Name":"jirachi"},{"Id":386,"Name":"deoxys"},{"Id":387,"Name":"turtwig"},{"Id":388,"Name":"grotle"},{"Id":389,"Name":"torterra"},{"Id":390,"Name":"chimchar"},{"Id":391,"Name":"monferno"},{"Id":392,"Name":"infernape"},{"Id":393,"Name":"piplup"},{"Id":394,"Name":"prinplup"},{"Id":395,"Name":"empoleon"},{"Id":396,"Name":"starly"},{"Id":397,"Name":"staravia"},{"Id":398,"Name":"staraptor"},{"Id":399,"Name":"bidoof"},{"Id":400,"Name":"bibarel"},{"Id":401,"Name":"kricketot"},{"Id":402,"Name":"kricketune"},{"Id":403,"Name":"shinx"},{"Id":404,"Name":"luxio"},{"Id":405,"Name":"luxray"},{"Id":406,"Name":"budew"},{"Id":407,"Name":"roserade"},{"Id":408,"Name":"cranidos"},{"Id":409,"Name":"rampardos"},{"Id":410,"Name":"shieldon"},{"Id":411,"Name":"bastiodon"},{"Id":412,"Name":"burmy"},{"Id":413,"Name":"wormadam"},{"Id":414,"Name":"mothim"},{"Id":415,"Name":"combee"},{"Id":416,"Name":"vespiquen"},{"Id":417,"Name":"pachirisu"},{"Id":418,"Name":"buizel"},{"Id":419,"Name":"floatzel"},{"Id":420,"Name":"cherubi"},{"Id":421,"Name":"cherrim"},{"Id":422,"Name":"shellos"},{"Id":423,"Name":"gastrodon"},{"Id":424,"Name":"ambipom"},{"Id":425,"Name":"drifloon"},{"Id":426,"Name":"drifblim"},{"Id":427,"Name":"buneary"},{"Id":428,"Name":"lopunny"},{"Id":429,"Name":"mismagius"},{"Id":430,"Name":"honchkrow"},{"Id":431,"Name":"glameow"},{"Id":432,"Name":"purugly"},{"Id":433,"Name":"chingling"},{"Id":434,"Name":"stunky"},{"Id":435,"Name":"skuntank"},{"Id":436,"Name":"bronzor"},{"Id":437,"Name":"bronzong"},{"Id":438,"Name":"bonsly"},{"Id":439,"Name":"mime jr"},{"Id":440,"Name":"happiny"},{"Id":441,"Name":"chatot"},{"Id":442,"Name":"spiritomb"},{"Id":443,"Name":"gible"},{"Id":444,"Name":"gabite"},{"Id":445,"Name":"garchomp"},{"Id":446,"Name":"munchlax"},{"Id":447,"Name":"riolu"},{"Id":448,"Name":"lucario"},{"Id":449,"Name":"hippopotas"},{"Id":450,"Name":"hippowdon"},{"Id":451,"Name":"skorupi"},{"Id":452,"Name":"drapion"},{"Id":453,"Name":"croagunk"},{"Id":454,"Name":"toxicroak"},{"Id":455,"Name":"carnivine"},{"Id":456,"Name":"finneon"},{"Id":457,"Name":"lumineon"},{"Id":458,"Name":"mantyke"},{"Id":459,"Name":"snover"},{"Id":460,"Name":"abomasnow"},{"Id":461,"Name":"weavile"},{"Id":462,"Name":"magnezone"},{"Id":463,"Name":"lickilicky"},{"Id":464,"Name":"rhyperior"},{"Id":465,"Name":"tangrowth"},{"Id":466,"Name":"electivire"},{"Id":467,"Name":"magmortar"},{"Id":468,"Name":"togekiss"},{"Id":469,"Name":"yanmega"},{"Id":470,"Name":"leafeon"},{"Id":471,"Name":"glaceon"},{"Id":472,"Name":"gliscor"},{"Id":473,"Name":"mamoswine"},{"Id":474,"Name":"porygon z"},{"Id":475,"Name":"gallade"},{"Id":476,"Name":"probopass"},{"Id":477,"Name":"dusknoir"},{"Id":478,"Name":"froslass"},{"Id":479,"Name":"rotom"},{"Id":480,"Name":"uxie"},{"Id":481,"Name":"mesprit"},{"Id":482,"Name":"azelf"},{"Id":483,"Name":"dialga"},{"Id":484,"Name":"palkia"},{"Id":485,"Name":"heatran"},{"Id":486,"Name":"regigigas"},{"Id":487,"Name":"giratina"},{"Id":488,"Name":"cresselia"},{"Id":489,"Name":"phione"},{"Id":490,"Name":"manaphy"},{"Id":491,"Name":"darkrai"},{"Id":492,"Name":"shaymin"},{"Id":493,"Name":"arceus"},{"Id":494,"Name":"victini"},{"Id":495,"Name":"snivy"},{"Id":496,"Name":"servine"},{"Id":497,"Name":"serperior"},{"Id":498,"Name":"tepig"},{"Id":499,"Name":"pignite"},{"Id":500,"Name":"emboar"},{"Id":501,"Name":"oshawott"},{"Id":502,"Name":"dewott"},{"Id":503,"Name":"samurott"},{"Id":504,"Name":"patrat"},{"Id":505,"Name":"watchog"},{"Id":506,"Name":"lillipup"},{"Id":507,"Name":"herdier"},{"Id":508,"Name":"stoutland"},{"Id":509,"Name":"purrloin"},{"Id":510,"Name":"liepard"},{"Id":511,"Name":"pansage"},{"Id":512,"Name":"simisage"},{"Id":513,"Name":"pansear"},{"Id":514,"Name":"simisear"},{"Id":515,"Name":"panpour"},{"Id":516,"Name":"simipour"},{"Id":517,"Name":"munna"},{"Id":518,"Name":"musharna"},{"Id":519,"Name":"pidove"},{"Id":520,"Name":"tranquill"},{"Id":521,"Name":"unfezant"},{"Id":522,"Name":"blitzle"},{"Id":523,"Name":"zebstrika"},{"Id":524,"Name":"roggenrola"},{"Id":525,"Name":"boldore"},{"Id":526,"Name":"gigalith"},{"Id":527,"Name":"woobat"},{"Id":528,"Name":"swoobat"},{"Id":529,"Name":"drilbur"},{"Id":530,"Name":"excadrill"},{"Id":531,"Name":"audino"},{"Id":532,"Name":"timburr"},{"Id":533,"Name":"gurdurr"},{"Id":534,"Name":"conkeldurr"},{"Id":535,"Name":"tympole"},{"Id":536,"Name":"palpitoad"},{"Id":537,"Name":"seismitoad"},{"Id":538,"Name":"throh"},{"Id":539,"Name":"sawk"},{"Id":540,"Name":"sewaddle"},{"Id":541,"Name":"swadloon"},{"Id":542,"Name":"leavanny"},{"Id":543,"Name":"venipede"},{"Id":544,"Name":"whirlipede"},{"Id":545,"Name":"scolipede"},{"Id":546,"Name":"cottonee"},{"Id":547,"Name":"whimsicott"},{"Id":548,"Name":"petilil"},{"Id":549,"Name":"lilligant"},{"Id":550,"Name":"basculin"},{"Id":551,"Name":"sandile"},{"Id":552,"Name":"krokorok"},{"Id":553,"Name":"krookodile"},{"Id":554,"Name":"darumaka"},{"Id":555,"Name":"darmanitan"},{"Id":556,"Name":"maractus"},{"Id":557,"Name":"dwebble"},{"Id":558,"Name":"crustle"},{"Id":559,"Name":"scraggy"},{"Id":560,"Name":"scrafty"},{"Id":561,"Name":"sigilyph"},{"Id":562,"Name":"yamask"},{"Id":563,"Name":"cofagrigus"},{"Id":564,"Name":"tirtouga"},{"Id":565,"Name":"carracosta"},{"Id":566,"Name":"archen"},{"Id":567,"Name":"archeops"},{"Id":568,"Name":"trubbish"},{"Id":569,"Name":"garbodor"},{"Id":570,"Name":"zorua"},{"Id":571,"Name":"zoroark"},{"Id":572,"Name":"minccino"},{"Id":573,"Name":"cinccino"},{"Id":574,"Name":"gothita"},{"Id":575,"Name":"gothorita"},{"Id":576,"Name":"gothitelle"},{"Id":577,"Name":"solosis"},{"Id":578,"Name":"duosion"},{"Id":579,"Name":"reuniclus"},{"Id":580,"Name":"ducklett"},{"Id":581,"Name":"swanna"},{"Id":582,"Name":"vanillite"},{"Id":583,"Name":"vanillish"},{"Id":584,"Name":"vanilluxe"},{"Id":585,"Name":"deerling"},{"Id":586,"Name":"sawsbuck"},{"Id":587,"Name":"emolga"},{"Id":588,"Name":"karrablast"},{"Id":589,"Name":"escavalier"},{"Id":590,"Name":"foongus"},{"Id":591,"Name":"amoonguss"},{"Id":592,"Name":"frillish"},{"Id":593,"Name":"jellicent"},{"Id":594,"Name":"alomomola"},{"Id":595,"Name":"joltik"},{"Id":596,"Name":"galvantula"},{"Id":597,"Name":"ferroseed"},{"Id":598,"Name":"ferrothorn"},{"Id":599,"Name":"klink"},{"Id":600,"Name":"klang"},{"Id":601,"Name":"klinklang"},{"Id":602,"Name":"tynamo"},{"Id":603,"Name":"eelektrik"},{"Id":604,"Name":"eelektross"},{"Id":605,"Name":"elgyem"},{"Id":606,"Name":"beheeyem"},{"Id":607,"Name":"litwick"},{"Id":608,"Name":"lampent"},{"Id":609,"Name":"chandelure"},{"Id":610,"Name":"axew"},{"Id":611,"Name":"fraxure"},{"Id":612,"Name":"haxorus"},{"Id":613,"Name":"cubchoo"},{"Id":614,"Name":"beartic"},{"Id":615,"Name":"cryogonal"},{"Id":616,"Name":"shelmet"},{"Id":617,"Name":"accelgor"},{"Id":618,"Name":"stunfisk"},{"Id":619,"Name":"mienfoo"},{"Id":620,"Name":"mienshao"},{"Id":621,"Name":"druddigon"},{"Id":622,"Name":"golett"},{"Id":623,"Name":"golurk"},{"Id":624,"Name":"pawniard"},{"Id":625,"Name":"bisharp"},{"Id":626,"Name":"bouffalant"},{"Id":627,"Name":"rufflet"},{"Id":628,"Name":"braviary"},{"Id":629,"Name":"vullaby"},{"Id":630,"Name":"mandibuzz"},{"Id":631,"Name":"heatmor"},{"Id":632,"Name":"durant"},{"Id":633,"Name":"deino"},{"Id":634,"Name":"zweilous"},{"Id":635,"Name":"hydreigon"},{"Id":636,"Name":"larvesta"},{"Id":637,"Name":"volcarona"},{"Id":638,"Name":"cobalion"},{"Id":639,"Name":"terrakion"},{"Id":640,"Name":"virizion"},{"Id":641,"Name":"tornadus"},{"Id":642,"Name":"thundurus"},{"Id":643,"Name":"reshiram"},{"Id":644,"Name":"zekrom"},{"Id":645,"Name":"landorus"},{"Id":646,"Name":"kyurem"},{"Id":647,"Name":"keldeo"},{"Id":648,"Name":"meloetta"},{"Id":649,"Name":"genesect"},{"Id":650,"Name":"chespin"},{"Id":651,"Name":"quilladin"},{"Id":652,"Name":"chesnaught"},{"Id":653,"Name":"fennekin"},{"Id":654,"Name":"braixen"},{"Id":655,"Name":"delphox"},{"Id":656,"Name":"froakie"},{"Id":657,"Name":"frogadier"},{"Id":658,"Name":"greninja"},{"Id":659,"Name":"bunnelby"},{"Id":660,"Name":"diggersby"},{"Id":661,"Name":"fletchling"},{"Id":662,"Name":"fletchinder"},{"Id":663,"Name":"talonflame"},{"Id":664,"Name":"scatterbug"},{"Id":665,"Name":"spewpa"},{"Id":666,"Name":"vivillon"},{"Id":667,"Name":"litleo"},{"Id":668,"Name":"pyroar"},{"Id":669,"Name":"flabebe"},{"Id":670,"Name":"floette"},{"Id":671,"Name":"florges"},{"Id":672,"Name":"skiddo"},{"Id":673,"Name":"gogoat"},{"Id":674,"Name":"pancham"},{"Id":675,"Name":"pangoro"},{"Id":676,"Name":"furfrou"},{"Id":677,"Name":"espurr"},{"Id":678,"Name":"meowstic"},{"Id":679,"Name":"honedge"},{"Id":680,"Name":"doublade"},{"Id":681,"Name":"aegislash"},{"Id":682,"Name":"spritzee"},{"Id":683,"Name":"aromatisse"},{"Id":684,"Name":"swirlix"},{"Id":685,"Name":"slurpuff"},{"Id":686,"Name":"inkay"},{"Id":687,"Name":"malamar"},{"Id":688,"Name":"binacle"},{"Id":689,"Name":"barbaracle"},{"Id":690,"Name":"skrelp"},{"Id":691,"Name":"dragalge"},{"Id":692,"Name":"clauncher"},{"Id":693,"Name":"clawitzer"},{"Id":694,"Name":"helioptile"},{"Id":695,"Name":"heliolisk"},{"Id":696,"Name":"tyrunt"},{"Id":697,"Name":"tyrantrum"},{"Id":698,"Name":"amaura"},{"Id":699,"Name":"aurorus"},{"Id":700,"Name":"sylveon"},{"Id":701,"Name":"hawlucha"},{"Id":702,"Name":"dedenne"},{"Id":703,"Name":"carbink"},{"Id":704,"Name":"goomy"},{"Id":705,"Name":"sliggoo"},{"Id":706,"Name":"goodra"},{"Id":707,"Name":"klefki"},{"Id":708,"Name":"phantump"},{"Id":709,"Name":"trevenant"},{"Id":710,"Name":"pumpkaboo"},{"Id":711,"Name":"gourgeist"},{"Id":712,"Name":"bergmite"},{"Id":713,"Name":"avalugg"},{"Id":714,"Name":"noibat"},{"Id":715,"Name":"noivern"},{"Id":716,"Name":"xerneas"},{"Id":717,"Name":"yveltal"},{"Id":718,"Name":"zygarde"},{"Id":719,"Name":"diancie"},{"Id":720,"Name":"hoopa"},{"Id":721,"Name":"volcanion"}]